name,company,output,timestamp
Vishal Kajaria,Vevolve Software private ltd.,"1. Company Summary  
Vevolve Software Pvt. Ltd is a Bangalore-based technology company specializing in delivering advanced IT solutions. Established in 2017, Vevolve focuses on software development, test automation, and cybersecurity services tailored for enterprises. Their expertise spans cloud integration, scalable infrastructure, and cybersecurity, helping businesses adapt and stay ahead in a rapidly evolving digital landscape.

2. Latest News  
- Vevolve Software Pvt. Ltd continues to enhance its portfolio in cybersecurity and cloud integration solutions to meet increasing enterprise demands for secure, flexible IT environments.  
- The company has maintained steady growth since its incorporation in 2017, expanding its service offerings and client base in the Bangalore tech ecosystem.

3. Meeting Talking Points  
- Overview of Vevolve’s core services: test automation, cybersecurity, and cloud integration.  
- Discuss recent advancements Vevolve has made in scalable infrastructure solutions for enterprises.  
- Explore how Vevolve approaches cybersecurity challenges faced by modern businesses.  
- Potential collaboration opportunities and how Vevolve tailors solutions to specific industry needs.  
- Trends in IT automation and how Vevolve integrates them into their offerings.

4. Smart Questions To Ask  
- How does Vevolve differentiate itself from other software development and cybersecurity service providers?  
- Can you share some success stories or case studies that highlight Vevolve’s impact on clients’ operational efficiency?  
- What emerging technologies or trends is Vevolve focusing on to expand its service capabilities?  
- How does the company approach scalability and security simultaneously when designing IT solutions?  
- What are the biggest challenges Vevolve faces in delivering automation and cybersecurity services, and how are they addressed?",2026-05-30 12:36:34.412123
